Id,Level,MonsterId,MoveType,Day,AppearTimer
1,2,0,3,0,0:00
2,2,0,1,0,0:00
3,2,0,0,0,0:00
4,2,0,1,0,0:00
5,2,0,2,0,0:00
6,2,0,0,0,0:00
7,2,0,0,0,0:00
8,2,0,3,0,0:00
9,2,0,0,0,0:00
10,2,0,0,0,0:00
11,2,0,2,0,1:00
12,2,0,2,0,1:00
13,2,0,1,0,1:00
14,2,0,2,0,1:00
15,2,0,2,0,1:00
16,2,0,2,0,1:00
17,2,0,2,0,1:00
18,2,0,0,0,1:00
19,2,0,3,0,1:00
20,2,0,0,0,1:00
21,2,0,2,0,2:00
22,2,0,0,0,2:00
23,2,0,2,0,2:00
24,2,0,3,0,2:00
25,2,0,2,0,2:00
26,2,0,0,0,2:00
27,2,0,3,0,2:00
28,2,0,3,0,2:00
29,2,0,3,0,2:00
30,2,0,2,0,2:00
31,2,0,1,0,2:00
32,2,0,2,0,2:00
33,2,0,1,0,2:00
34,2,0,1,0,2:00
35,2,0,0,0,2:00
36,2,0,1,0,2:40
37,2,0,2,0,2:40
38,2,0,0,0,2:40
39,2,0,1,0,2:40
40,2,0,0,0,2:40
41,2,0,1,0,2:40
42,2,0,3,0,2:40
43,2,1,1,0,3:20
44,2,0,0,0,3:20
45,2,0,0,0,3:20
46,2,0,2,0,3:20
47,2,0,2,0,3:20
48,2,0,2,0,3:20
49,2,0,2,0,3:20
50,2,0,0,0,3:20
51,2,0,3,0,3:20
52,2,0,2,0,3:20
53,2,0,1,0,3:20
54,2,0,0,0,3:20
55,2,0,1,0,4:00
56,2,0,0,0,4:00
57,2,0,1,0,4:00
58,2,0,1,0,4:00
59,2,0,2,0,4:00
60,2,0,0,0,4:00
61,2,0,3,0,4:00
62,2,0,1,0,4:00
63,2,0,1,0,4:00
64,2,0,0,0,4:00
65,2,0,2,0,4:00
66,2,0,3,0,4:00
67,2,0,0,0,4:00
68,2,0,2,0,4:00
69,2,0,2,0,4:00
70,2,2,2,0,4:00
71,2,2,1,0,4:00
72,2,2,2,0,4:00
73,2,0,3,0,6:40
74,2,0,0,0,6:40
75,2,0,2,0,6:40
76,2,0,2,0,6:40
77,2,0,2,0,6:40
78,2,0,1,0,6:40
79,2,0,3,0,6:40
80,2,0,1,0,6:40
81,2,0,2,0,6:40
82,2,0,3,0,6:40
83,2,2,1,0,6:40
84,2,2,1,0,6:40
85,2,2,2,0,6:40
86,2,2,2,0,6:40
87,2,2,2,0,6:40
88,2,2,2,0,6:40
89,2,2,3,0,6:40
90,2,0,1,0,6:40
91,2,0,1,0,6:40
92,2,0,3,0,6:40
93,2,0,3,0,6:40
94,2,0,0,0,6:40
95,2,0,3,0,6:40
96,2,0,3,0,6:40
97,2,0,0,0,6:40
98,2,0,0,0,6:40
99,2,0,1,0,6:40
100,2,3,3,0,6:40
101,2,0,3,0,6:40
102,2,0,3,0,6:40
103,2,0,2,0,6:40
104,2,0,0,0,6:40
105,2,0,1,0,6:40
106,2,0,3,0,6:40
107,2,0,2,0,6:40
108,2,0,1,1,0:00
109,2,0,0,1,0:00
110,2,0,2,1,0:00
111,2,0,3,1,0:00
112,2,0,0,1,0:00
113,2,0,3,1,0:00
114,2,0,2,1,0:00
115,2,0,3,1,0:00
116,2,0,2,1,0:00
117,2,0,3,1,0:00
118,2,0,2,1,1:00
119,2,0,2,1,1:00
120,2,0,3,1,1:00
121,2,0,1,1,1:00
122,2,0,0,1,1:00
123,2,0,3,1,1:00
124,2,0,2,1,1:00
125,2,0,1,1,1:00
126,2,0,0,1,1:00
127,2,0,3,1,1:00
128,2,0,3,1,2:00
129,2,0,1,1,2:00
130,2,0,0,1,2:00
131,2,0,2,1,2:00
132,2,0,3,1,2:00
133,2,0,2,1,2:00
134,2,0,0,1,2:00
135,2,0,1,1,2:00
136,2,0,0,1,2:00
137,2,0,3,1,2:00
138,2,2,2,1,2:00
139,2,2,3,1,2:00
140,2,2,3,1,2:00
141,2,0,2,1,2:00
142,2,0,3,1,2:00
143,2,0,1,1,2:40
144,2,0,2,1,2:40
145,2,0,1,1,2:40
146,2,0,3,1,2:40
147,2,0,2,1,2:40
148,2,0,3,1,2:40
149,2,2,2,1,2:40
150,2,1,1,1,3:20
151,2,0,2,1,3:20
152,2,0,3,1,3:20
153,2,0,2,1,3:20
154,2,0,3,1,3:20
155,2,0,1,1,3:20
156,2,0,1,1,3:20
157,2,0,2,1,3:20
158,2,0,3,1,3:20
159,2,2,2,1,3:20
160,2,2,3,1,3:20
161,2,2,0,1,3:20
162,2,0,2,1,4:00
163,2,0,2,1,4:00
164,2,0,2,1,4:00
165,2,0,0,1,4:00
166,2,0,1,1,4:00
167,2,0,1,1,4:00
168,2,2,1,1,4:00
169,2,2,0,1,4:00
170,2,2,1,1,4:00
171,2,3,0,1,4:00
172,2,0,3,1,4:00
173,2,0,0,1,4:00
174,2,0,1,1,4:00
175,2,0,3,1,4:00
176,2,0,2,1,4:00
177,2,0,2,1,4:00
178,2,2,1,1,4:00
179,2,2,0,1,4:00
180,2,2,2,1,4:00
181,2,3,1,1,4:00
182,2,0,1,1,6:40
183,2,0,0,1,6:40
184,2,0,3,1,6:40
185,2,0,3,1,6:40
186,2,0,1,1,6:40
187,2,0,2,1,6:40
188,2,0,1,1,6:40
189,2,0,3,1,6:40
190,2,0,0,1,6:40
191,2,0,3,1,6:40
192,2,2,3,1,6:40
193,2,2,0,1,6:40
194,2,2,2,1,6:40
195,2,2,2,1,6:40
196,2,2,3,1,6:40
197,2,2,2,1,6:40
198,2,3,2,1,6:40
199,2,3,2,1,6:40
200,2,0,2,1,6:40
201,2,0,0,1,6:40
202,2,0,1,1,6:40
203,2,0,2,1,6:40
204,2,0,0,1,6:40
205,2,0,1,1,6:40
206,2,0,3,1,6:40
207,2,0,0,1,6:40
208,2,0,0,1,6:40
209,2,0,3,1,6:40
210,2,2,3,1,6:40
211,2,2,1,1,6:40
212,2,2,2,1,6:40
213,2,2,0,1,6:40
214,2,2,0,1,6:40
215,2,3,0,1,6:40
216,2,3,3,1,6:40
217,2,0,3,2,0:00
218,2,0,1,2,0:00
219,2,0,3,2,0:00
220,2,0,2,2,0:00
221,2,0,0,2,0:00
222,2,0,1,2,0:00
223,2,0,3,2,0:00
224,2,0,2,2,0:00
225,2,0,1,2,0:00
226,2,0,3,2,0:00
227,2,2,0,2,0:00
228,2,2,2,2,0:00
229,2,0,3,2,0:00
230,2,0,1,2,0:00
231,2,0,0,2,0:00
232,2,0,1,2,1:00
233,2,0,1,2,1:00
234,2,0,1,2,1:00
235,2,0,0,2,1:00
236,2,0,2,2,1:00
237,2,0,1,2,1:00
238,2,2,3,2,1:00
239,2,2,2,2,1:00
240,2,2,0,2,1:00
241,2,0,0,2,1:00
242,2,0,1,2,1:00
243,2,0,2,2,1:00
244,2,0,1,2,1:00
245,2,0,2,2,1:00
246,2,0,0,2,1:00
247,2,0,3,2,2:00
248,2,0,1,2,2:00
249,2,0,3,2,2:00
250,2,0,3,2,2:00
251,2,0,0,2,2:00
252,2,0,2,2,2:00
253,2,0,2,2,2:00
254,2,0,1,2,2:00
255,2,0,1,2,2:00
256,2,0,1,2,2:00
257,2,2,3,2,2:00
258,2,2,1,2,2:00
259,2,2,3,2,2:00
260,2,2,3,2,2:00
261,2,2,2,2,2:00
262,2,2,1,2,2:00
263,2,2,3,2,2:00
264,2,2,2,2,2:00
265,2,0,2,2,2:00
266,2,0,0,2,2:00
267,2,0,0,2,2:00
268,2,0,3,2,2:00
269,2,0,1,2,2:00
270,2,0,0,2,2:40
271,2,0,0,2,2:40
272,2,0,2,2,2:40
273,2,0,0,2,2:40
274,2,0,0,2,2:40
275,2,0,0,2,2:40
276,2,2,3,2,2:40
277,2,2,3,2,2:40
278,2,2,1,2,2:40
279,2,0,2,2,2:40
280,2,0,3,2,2:40
281,2,1,2,2,3:20
282,2,0,2,2,3:20
283,2,0,3,2,3:20
284,2,0,1,2,3:20
285,2,0,0,2,3:20
286,2,0,2,2,3:20
287,2,2,1,2,3:20
288,2,2,0,2,3:20
289,2,2,0,2,3:20
290,2,0,3,2,3:20
291,2,0,1,2,3:20
292,2,0,2,2,3:20
293,2,0,1,2,3:20
294,2,0,2,2,3:20
295,2,2,1,2,3:20
296,2,2,3,2,3:20
297,2,2,2,2,3:20
298,2,0,1,2,4:00
299,2,0,2,2,4:00
300,2,0,3,2,4:00
301,2,0,1,2,4:00
302,2,0,0,2,4:00
303,2,2,0,2,4:00
304,2,2,1,2,4:00
305,2,2,3,2,4:00
306,2,3,1,2,4:00
307,2,0,1,2,4:00
308,2,0,0,2,4:00
309,2,0,2,2,4:00
310,2,0,1,2,4:00
311,2,0,1,2,4:00
312,2,2,3,2,4:00
313,2,2,1,2,4:00
314,2,2,0,2,4:00
315,2,3,1,2,4:00
316,2,0,2,2,4:00
317,2,0,1,2,4:00
318,2,0,0,2,4:00
319,2,0,1,2,4:00
320,2,0,3,2,4:00
321,2,2,3,2,4:00
322,2,2,0,2,4:00
323,2,2,0,2,4:00
324,2,0,1,2,6:40
325,2,0,1,2,6:40
326,2,0,0,2,6:40
327,2,0,1,2,6:40
328,2,0,1,2,6:40
329,2,0,3,2,6:40
330,2,0,2,2,6:40
331,2,0,2,2,6:40
332,2,0,3,2,6:40
333,2,0,0,2,6:40
334,2,0,3,2,6:40
335,2,0,1,2,6:40
336,2,0,3,2,6:40
337,2,0,2,2,6:40
338,2,0,0,2,6:40
339,2,2,3,2,6:40
340,2,2,3,2,6:40
341,2,2,2,2,6:40
342,2,2,3,2,6:40
343,2,2,1,2,6:40
344,2,3,3,2,6:40
345,2,3,3,2,6:40
346,2,0,0,2,6:40
347,2,0,0,2,6:40
348,2,0,1,2,6:40
349,2,0,2,2,6:40
350,2,0,2,2,6:40
351,2,0,2,2,6:40
352,2,0,3,2,6:40
353,2,0,0,2,6:40
354,2,0,2,2,6:40
355,2,0,2,2,6:40
356,2,0,0,2,6:40
357,2,0,0,2,6:40
358,2,0,0,2,6:40
359,2,0,1,2,6:40
360,2,2,2,2,6:40
361,2,2,1,2,6:40
362,2,2,1,2,6:40
363,2,2,2,2,6:40
364,2,2,3,2,6:40
365,2,2,1,2,6:40
366,2,2,1,2,6:40
367,2,2,2,2,6:40
368,2,2,0,2,6:40
369,2,2,1,2,6:40
370,2,2,1,2,6:40
371,2,2,0,2,6:40
372,2,0,2,2,6:40
373,2,3,2,2,6:40
374,2,3,2,2,6:40
375,2,4,1,2,6:40
376,2,0,2,3,0:00
377,2,0,0,3,0:00
378,2,0,3,3,0:00
379,2,0,2,3,0:00
380,2,0,0,3,0:00
381,2,0,1,3,0:00
382,2,0,0,3,0:00
383,2,2,1,3,0:00
384,2,2,3,3,0:00
385,2,5,2,3,0:00
386,2,6,3,3,0:00
387,2,0,3,3,0:00
388,2,0,0,3,0:00
389,2,0,3,3,0:00
390,2,0,3,3,0:00
391,2,0,0,3,0:00
392,2,0,2,3,0:00
393,2,0,0,3,0:00
394,2,2,1,3,0:00
395,2,6,1,3,0:00
396,2,0,2,3,1:00
397,2,0,3,3,1:00
398,2,0,2,3,1:00
399,2,0,2,3,1:00
400,2,0,3,3,1:00
401,2,0,3,3,1:00
402,2,2,1,3,1:00
403,2,2,3,3,1:00
404,2,5,2,3,1:00
405,2,6,0,3,1:00
406,2,0,1,3,1:00
407,2,0,0,3,1:00
408,2,0,1,3,1:00
409,2,0,0,3,1:00
410,2,0,1,3,1:00
411,2,0,3,3,1:00
412,2,2,1,3,1:00
413,2,2,1,3,1:00
414,2,2,1,3,1:00
415,2,5,2,3,1:00
416,2,6,0,3,1:00
417,2,6,0,3,1:00
418,2,0,3,3,2:00
419,2,0,3,3,2:00
420,2,0,3,3,2:00
421,2,0,2,3,2:00
422,2,0,3,3,2:00
423,2,0,3,3,2:00
424,2,2,2,3,2:00
425,2,2,0,3,2:00
426,2,2,2,3,2:00
427,2,5,2,3,2:00
428,2,6,3,3,2:00
429,2,6,3,3,2:00
430,2,0,2,3,2:00
431,2,0,3,3,2:00
432,2,0,2,3,2:00
433,2,0,2,3,2:00
434,2,0,1,3,2:00
435,2,0,3,3,2:00
436,2,2,3,3,2:00
437,2,2,2,3,2:00
438,2,2,1,3,2:00
439,2,5,2,3,2:00
440,2,6,2,3,2:00
441,2,6,2,3,2:00
442,2,0,0,3,2:00
443,2,0,1,3,2:00
444,2,0,1,3,2:00
445,2,0,2,3,2:00
446,2,0,0,3,2:00
447,2,2,1,3,2:00
448,2,2,3,3,2:00
449,2,2,1,3,2:00
450,2,5,0,3,2:00
451,2,6,2,3,2:00
452,2,6,3,3,2:00
453,2,0,0,3,2:40
454,2,0,0,3,2:40
455,2,0,2,3,2:40
456,2,0,0,3,2:40
457,2,2,1,3,2:40
458,2,2,2,3,2:40
459,2,5,0,3,2:40
460,2,6,0,3,2:40
461,2,0,2,3,2:40
462,2,0,0,3,2:40
463,2,0,2,3,2:40
464,2,0,3,3,2:40
465,2,2,2,3,2:40
466,2,2,2,3,2:40
467,2,5,0,3,2:40
468,2,6,0,3,2:40
469,2,1,1,3,3:20
470,2,0,3,3,3:20
471,2,0,3,3,3:20
472,2,0,2,3,3:20
473,2,0,3,3,3:20
474,2,0,2,3,3:20
475,2,2,1,3,3:20
476,2,2,2,3,3:20
477,2,2,2,3,3:20
478,2,2,0,3,3:20
479,2,5,2,3,3:20
480,2,6,2,3,3:20
481,2,6,2,3,3:20
482,2,0,2,3,3:20
483,2,0,1,3,3:20
484,2,0,1,3,3:20
485,2,0,2,3,3:20
486,2,0,2,3,3:20
487,2,2,2,3,3:20
488,2,2,0,3,3:20
489,2,2,2,3,3:20
490,2,5,1,3,3:20
491,2,6,0,3,3:20
492,2,6,1,3,3:20
493,2,6,2,3,3:20
494,2,7,2,3,3:20
495,2,0,2,3,4:00
496,2,0,3,3,4:00
497,2,0,1,3,4:00
498,2,0,1,3,4:00
499,2,0,3,3,4:00
500,2,0,0,3,4:00
501,2,0,0,3,4:00
502,2,0,2,3,4:00
503,2,2,0,3,4:00
504,2,2,3,3,4:00
505,2,2,0,3,4:00
506,2,2,1,3,4:00
507,2,2,2,3,4:00
508,2,2,3,3,4:00
509,2,5,3,3,4:00
510,2,5,0,3,4:00
511,2,6,2,3,4:00
512,2,6,2,3,4:00
513,2,6,1,3,4:00
514,2,6,2,3,4:00
515,2,7,3,3,4:00
516,2,0,1,3,4:00
517,2,0,1,3,4:00
518,2,0,0,3,4:00
519,2,0,2,3,4:00
520,2,0,0,3,4:00
521,2,0,0,3,4:00
522,2,0,3,3,4:00
523,2,0,3,3,4:00
524,2,2,2,3,4:00
525,2,2,3,3,4:00
526,2,2,0,3,4:00
527,2,2,3,3,4:00
528,2,2,1,3,4:00
529,2,5,3,3,4:00
530,2,5,1,3,4:00
531,2,6,0,3,4:00
532,2,6,2,3,4:00
533,2,6,2,3,4:00
534,2,7,1,3,4:00
535,2,7,2,3,4:00
536,2,0,2,3,6:40
537,2,0,3,3,6:40
538,2,0,2,3,6:40
539,2,0,1,3,6:40
540,2,0,0,3,6:40
541,2,0,1,3,6:40
542,2,0,0,3,6:40
543,2,0,3,3,6:40
544,2,0,1,3,6:40
545,2,0,2,3,6:40
546,2,2,3,3,6:40
547,2,2,0,3,6:40
548,2,2,1,3,6:40
549,2,2,1,3,6:40
550,2,2,3,3,6:40
551,2,2,0,3,6:40
552,2,5,2,3,6:40
553,2,5,3,3,6:40
554,2,6,3,3,6:40
555,2,6,3,3,6:40
556,2,6,0,3,6:40
557,2,6,2,3,6:40
558,2,6,1,3,6:40
559,2,7,2,3,6:40
560,2,7,0,3,6:40
561,2,0,2,3,6:40
562,2,0,2,3,6:40
563,2,0,2,3,6:40
564,2,0,1,3,6:40
565,2,0,1,3,6:40
566,2,0,1,3,6:40
567,2,0,2,3,6:40
568,2,0,1,3,6:40
569,2,0,0,3,6:40
570,2,0,1,3,6:40
571,2,2,1,3,6:40
572,2,2,0,3,6:40
573,2,2,3,3,6:40
574,2,2,2,3,6:40
575,2,2,0,3,6:40
576,2,2,0,3,6:40
577,2,5,0,3,6:40
578,2,5,0,3,6:40
579,2,6,2,3,6:40
580,2,6,0,3,6:40
581,2,6,2,3,6:40
582,2,6,1,3,6:40
583,2,6,2,3,6:40
584,2,7,0,3,6:40
585,2,7,0,3,6:40
586,2,0,2,3,6:40
587,2,0,0,3,6:40
588,2,0,1,3,6:40
589,2,0,2,3,6:40
590,2,0,1,3,6:40
591,2,0,0,3,6:40
592,2,0,3,3,6:40
593,2,0,3,3,6:40
594,2,0,3,3,6:40
595,2,0,0,3,6:40
596,2,2,3,3,6:40
597,2,2,1,3,6:40
598,2,2,3,3,6:40
599,2,2,1,3,6:40
600,2,2,1,3,6:40
601,2,2,1,3,6:40
602,2,5,3,3,6:40
603,2,5,0,3,6:40
604,2,6,3,3,6:40
605,2,6,0,3,6:40
606,2,6,1,3,6:40
607,2,6,2,3,6:40
608,2,2,0,3,6:40
609,2,7,1,3,6:40
610,2,7,0,3,6:40
611,2,0,3,3,6:40
612,2,0,2,3,6:40
613,2,0,3,3,6:40
614,2,0,1,3,6:40
615,2,2,2,3,6:40
616,2,0,0,4,0:00
617,2,0,1,4,0:00
618,2,0,2,4,0:00
619,2,0,3,4,0:00
620,2,0,0,4,0:00
621,2,6,2,4,0:00
622,2,0,1,4,0:00
623,2,0,0,4,0:00
624,2,0,2,4,0:00
625,2,0,0,4,0:00
626,2,0,2,4,0:00
627,2,6,3,4,0:00
628,2,5,0,4,0:00
629,2,0,1,4,0:00
630,2,0,0,4,0:00
631,2,0,3,4,0:00
632,2,0,0,4,0:00
633,2,0,0,4,0:00
634,2,6,2,4,0:00
635,2,0,0,4,0:00
636,2,0,0,4,0:00
637,2,0,1,4,1:00
638,2,0,0,4,1:00
639,2,0,1,4,1:00
640,2,0,3,4,1:00
641,2,0,1,4,1:00
642,2,0,1,4,1:00
643,2,0,0,4,1:00
644,2,5,3,4,1:00
645,2,6,1,4,1:00
646,2,6,1,4,1:00
647,2,0,0,4,1:00
648,2,0,3,4,1:00
649,2,0,3,4,1:00
650,2,0,2,4,1:00
651,2,0,3,4,1:00
652,2,0,2,4,1:00
653,2,0,1,4,1:00
654,2,5,1,4,1:00
655,2,6,2,4,1:00
656,2,6,0,4,1:00
657,2,0,0,4,2:00
658,2,0,2,4,2:00
659,2,0,0,4,2:00
660,2,0,1,4,2:00
661,2,0,2,4,2:00
662,2,0,3,4,2:00
663,2,0,2,4,2:00
664,2,0,1,4,2:00
665,2,0,0,4,2:00
666,2,0,0,4,2:00
667,2,5,2,4,2:00
668,2,6,0,4,2:00
669,2,6,2,4,2:00
670,2,6,2,4,2:00
671,2,0,2,4,2:00
672,2,0,3,4,2:00
673,2,0,3,4,2:00
674,2,0,0,4,2:00
675,2,0,3,4,2:00
676,2,0,1,4,2:00
677,2,0,2,4,2:00
678,2,0,1,4,2:00
679,2,0,0,4,2:00
680,2,0,0,4,2:00
681,2,5,1,4,2:00
682,2,6,0,4,2:00
683,2,6,3,4,2:00
684,2,6,2,4,2:00
685,2,5,2,4,2:00
686,2,6,1,4,2:00
687,2,0,2,4,2:40
688,2,0,2,4,2:40
689,2,0,2,4,2:40
690,2,0,1,4,2:40
691,2,0,1,4,2:40
692,2,5,1,4,2:40
693,2,6,1,4,2:40
694,2,7,0,4,2:40
695,2,0,3,4,2:40
696,2,0,2,4,2:40
697,2,0,0,4,2:40
698,2,0,3,4,2:40
699,2,5,3,4,2:40
700,2,6,0,4,2:40
701,2,1,0,4,3:20
702,2,0,1,4,3:20
703,2,0,3,4,3:20
704,2,0,0,4,3:20
705,2,0,1,4,3:20
706,2,0,1,4,3:20
707,2,5,1,4,3:20
708,2,6,2,4,3:20
709,2,6,1,4,3:20
710,2,7,0,4,3:20
711,2,0,0,4,3:20
712,2,0,2,4,3:20
713,2,0,0,4,3:20
714,2,0,2,4,3:20
715,2,0,2,4,3:20
716,2,5,2,4,3:20
717,2,6,2,4,3:20
718,2,6,0,4,3:20
719,2,7,3,4,3:20
720,2,5,0,4,3:20
721,2,6,3,4,3:20
722,2,6,0,4,3:20
723,2,0,2,4,4:00
724,2,0,3,4,4:00
725,2,0,1,4,4:00
726,2,0,2,4,4:00
727,2,0,0,4,4:00
728,2,0,3,4,4:00
729,2,0,2,4,4:00
730,2,0,3,4,4:00
731,2,0,1,4,4:00
732,2,5,2,4,4:00
733,2,5,0,4,4:00
734,2,6,0,4,4:00
735,2,6,3,4,4:00
736,2,6,2,4,4:00
737,2,6,3,4,4:00
738,2,7,3,4,4:00
739,2,7,0,4,4:00
740,2,0,0,4,4:00
741,2,0,2,4,4:00
742,2,0,3,4,4:00
743,2,0,3,4,4:00
744,2,0,1,4,4:00
745,2,0,3,4,4:00
746,2,0,3,4,4:00
747,2,0,2,4,4:00
748,2,0,2,4,4:00
749,2,5,0,4,4:00
750,2,5,3,4,4:00
751,2,6,0,4,4:00
752,2,6,0,4,4:00
753,2,6,0,4,4:00
754,2,6,1,4,4:00
755,2,7,1,4,4:00
756,2,7,0,4,4:00
757,2,6,1,4,4:00
758,2,0,1,4,6:40
759,2,0,2,4,6:40
760,2,0,2,4,6:40
761,2,0,1,4,6:40
762,2,0,3,4,6:40
763,2,0,3,4,6:40
764,2,0,3,4,6:40
765,2,0,1,4,6:40
766,2,0,0,4,6:40
767,2,0,3,4,6:40
768,2,5,3,4,6:40
769,2,5,2,4,6:40
770,2,6,3,4,6:40
771,2,6,0,4,6:40
772,2,6,1,4,6:40
773,2,6,1,4,6:40
774,2,7,2,4,6:40
775,2,7,2,4,6:40
776,2,0,2,4,6:40
777,2,0,2,4,6:40
778,2,0,1,4,6:40
779,2,0,0,4,6:40
780,2,0,2,4,6:40
781,2,0,0,4,6:40
782,2,0,2,4,6:40
783,2,0,2,4,6:40
784,2,0,2,4,6:40
785,2,0,2,4,6:40
786,2,5,0,4,6:40
787,2,5,0,4,6:40
788,2,6,3,4,6:40
789,2,6,3,4,6:40
790,2,6,2,4,6:40
791,2,6,1,4,6:40
792,2,7,3,4,6:40
793,2,7,1,4,6:40
794,2,0,0,4,6:40
795,2,0,2,4,6:40
796,2,0,1,4,6:40
797,2,0,0,4,6:40
798,2,0,1,4,6:40
799,2,0,2,4,6:40
800,2,0,2,4,6:40
801,2,0,1,4,6:40
802,2,0,1,4,6:40
803,2,0,1,4,6:40
804,2,5,3,4,6:40
805,2,5,3,4,6:40
806,2,6,3,4,6:40
807,2,6,1,4,6:40
808,2,6,0,4,6:40
809,2,6,3,4,6:40
810,2,7,3,4,6:40
811,2,7,1,4,6:40
812,2,0,0,4,6:40
813,2,0,0,4,6:40
814,2,0,1,4,6:40
815,2,0,0,4,6:40
816,2,0,2,4,6:40
817,2,0,3,4,6:40
818,2,0,1,4,6:40
819,2,0,3,4,6:40
820,2,0,3,4,6:40
821,2,0,3,4,6:40
822,2,5,2,4,6:40
823,2,6,2,4,6:40
824,2,6,2,4,6:40
825,2,6,3,4,6:40
826,2,7,3,4,6:40
827,2,7,3,4,6:40
828,2,0,3,5,0:00
829,2,0,3,5,0:00
830,2,0,3,5,0:00
831,2,0,3,5,0:00
832,2,0,1,5,0:00
833,2,0,1,5,0:00
834,2,0,2,5,0:00
835,2,0,0,5,0:00
836,2,0,1,5,0:00
837,2,0,1,5,0:00
838,2,5,3,5,0:00
839,2,6,1,5,0:00
840,2,6,1,5,0:00
841,2,6,0,5,0:00
842,2,0,0,5,0:00
843,2,0,2,5,0:00
844,2,0,1,5,0:00
845,2,0,2,5,0:00
846,2,0,3,5,0:00
847,2,0,0,5,0:00
848,2,0,3,5,0:00
849,2,0,1,5,0:00
850,2,0,3,5,0:00
851,2,0,3,5,0:00
852,2,5,2,5,0:00
853,2,6,1,5,0:00
854,2,6,2,5,0:00
855,2,6,2,5,0:00
856,2,5,1,5,0:00
857,2,7,1,5,0:00
858,2,0,1,5,1:00
859,2,0,0,5,1:00
860,2,0,1,5,1:00
861,2,0,0,5,1:00
862,2,0,1,5,1:00
863,2,0,1,5,1:00
864,2,0,0,5,1:00
865,2,0,2,5,1:00
866,2,0,2,5,1:00
867,2,0,0,5,1:00
868,2,5,1,5,1:00
869,2,6,0,5,1:00
870,2,6,2,5,1:00
871,2,6,1,5,1:00
872,2,0,0,5,1:00
873,2,0,3,5,1:00
874,2,0,2,5,1:00
875,2,0,1,5,1:00
876,2,0,3,5,1:00
877,2,0,2,5,1:00
878,2,0,3,5,1:00
879,2,0,1,5,1:00
880,2,0,3,5,1:00
881,2,0,0,5,1:00
882,2,5,3,5,1:00
883,2,6,2,5,1:00
884,2,6,2,5,1:00
885,2,6,3,5,1:00
886,2,7,2,5,1:00
887,2,7,1,5,1:00
888,2,0,2,5,2:00
889,2,0,0,5,2:00
890,2,0,1,5,2:00
891,2,0,0,5,2:00
892,2,0,3,5,2:00
893,2,0,1,5,2:00
894,2,0,2,5,2:00
895,2,0,0,5,2:00
896,2,0,1,5,2:00
897,2,0,3,5,2:00
898,2,5,3,5,2:00
899,2,6,0,5,2:00
900,2,6,2,5,2:00
901,2,6,2,5,2:00
902,2,0,0,5,2:00
903,2,0,3,5,2:00
904,2,0,1,5,2:00
905,2,0,1,5,2:00
906,2,0,1,5,2:00
907,2,0,2,5,2:00
908,2,0,1,5,2:00
909,2,0,0,5,2:00
910,2,0,1,5,2:00
911,2,0,2,5,2:00
912,2,5,2,5,2:00
913,2,6,3,5,2:00
914,2,6,3,5,2:00
915,2,6,3,5,2:00
916,2,7,2,5,2:00
917,2,7,1,5,2:00
918,2,0,0,5,2:00
919,2,0,0,5,2:00
920,2,0,2,5,2:00
921,2,0,0,5,2:00
922,2,0,2,5,2:00
923,2,0,1,5,2:00
924,2,0,3,5,2:00
925,2,0,2,5,2:00
926,2,0,1,5,2:00
927,2,0,0,5,2:00
928,2,5,2,5,2:00
929,2,6,0,5,2:00
930,2,6,2,5,2:00
931,2,6,0,5,2:00
932,2,6,1,5,2:00
933,2,0,2,5,2:40
934,2,0,3,5,2:40
935,2,0,3,5,2:40
936,2,0,1,5,2:40
937,2,0,0,5,2:40
938,2,0,1,5,2:40
939,2,0,3,5,2:40
940,2,0,2,5,2:40
941,2,0,2,5,2:40
942,2,5,1,5,2:40
943,2,5,0,5,2:40
944,2,5,1,5,2:40
945,2,5,3,5,2:40
946,2,6,3,5,2:40
947,2,6,1,5,2:40
948,2,6,3,5,2:40
949,2,6,2,5,2:40
950,2,6,0,5,2:40
951,2,7,1,5,2:40
952,2,7,1,5,2:40
953,2,7,3,5,2:40
954,2,0,0,5,3:20
955,2,0,1,5,3:20
956,2,0,1,5,3:20
957,2,0,2,5,3:20
958,2,0,3,5,3:20
959,2,0,1,5,3:20
960,2,0,2,5,3:20
961,2,0,1,5,3:20
962,2,0,3,5,3:20
963,2,5,2,5,3:20
964,2,5,2,5,3:20
965,2,5,2,5,3:20
966,2,5,3,5,3:20
967,2,6,1,5,3:20
968,2,6,1,5,3:20
969,2,6,3,5,3:20
970,2,6,2,5,3:20
971,2,6,3,5,3:20
972,2,7,0,5,3:20
973,2,7,1,5,3:20
974,2,7,1,5,3:20
975,2,0,3,5,3:20
976,2,5,0,5,3:20
977,2,5,1,5,3:20
978,2,7,0,5,3:20
979,2,7,0,5,3:20
980,2,7,1,5,3:20
981,2,7,2,5,3:20
982,2,7,2,5,3:20
983,2,7,2,5,3:20
984,2,7,3,5,3:20
985,2,8,1,5,3:20
986,2,0,1,5,4:00
987,2,0,0,5,4:00
988,2,0,2,5,4:00
989,2,0,2,5,4:00
990,2,0,2,5,4:00
991,2,0,3,5,4:00
992,2,0,1,5,4:00
993,2,0,1,5,4:00
994,2,0,2,5,4:00
995,2,5,3,5,4:00
996,2,5,1,5,4:00
997,2,5,2,5,4:00
998,2,5,0,5,4:00
999,2,6,1,5,4:00
1000,2,6,2,5,4:00
1001,2,6,2,5,4:00
1002,2,6,1,5,4:00
1003,2,6,3,5,4:00
1004,2,7,1,5,4:00
1005,2,7,1,5,4:00
1006,2,7,1,5,4:00
1007,2,0,3,5,4:00
1008,2,5,2,5,4:00
1009,2,5,3,5,4:00
1010,2,7,3,5,4:00
1011,2,7,2,5,4:00
1012,2,7,0,5,4:00
1013,2,7,3,5,4:00
1014,2,7,0,5,4:00
1015,2,7,2,5,4:00
1016,2,7,1,5,4:00
1017,2,8,1,5,4:00
1018,2,0,2,5,4:00
1019,2,0,1,5,4:00
1020,2,0,2,5,4:00
1021,2,0,1,5,4:00
1022,2,0,0,5,4:00
1023,2,0,2,5,4:00
1024,2,0,1,5,4:00
1025,2,0,0,5,4:00
1026,2,0,1,5,4:00
1027,2,0,1,5,4:00
1028,2,0,2,5,4:00
1029,2,5,3,5,4:00
1030,2,5,0,5,4:00
1031,2,6,1,5,4:00
1032,2,6,0,5,4:00
1033,2,6,0,5,4:00
1034,2,6,2,5,4:00
1035,2,6,3,5,4:00
1036,2,6,2,5,4:00
1037,2,7,2,5,4:00
1038,2,7,0,5,4:00
1039,2,0,2,5,6:40
1040,2,0,1,5,6:40
1041,2,0,0,5,6:40
1042,2,0,0,5,6:40
1043,2,0,2,5,6:40
1044,2,0,1,5,6:40
1045,2,0,1,5,6:40
1046,2,0,1,5,6:40
1047,2,0,1,5,6:40
1048,2,0,1,5,6:40
1049,2,0,1,5,6:40
1050,2,0,0,5,6:40
1051,2,0,3,5,6:40
1052,2,0,1,5,6:40
1053,2,0,0,5,6:40
1054,2,0,1,5,6:40
1055,2,0,0,5,6:40
1056,2,0,3,5,6:40
1057,2,0,0,5,6:40
1058,2,0,3,5,6:40
1059,2,0,0,5,6:40
1060,2,5,0,5,6:40
1061,2,5,0,5,6:40
1062,2,5,1,5,6:40
1063,2,6,3,5,6:40
1064,2,6,1,5,6:40
1065,2,6,1,5,6:40
1066,2,6,3,5,6:40
1067,2,6,3,5,6:40
1068,2,6,3,5,6:40
1069,2,6,3,5,6:40
1070,2,7,0,5,6:40
1071,2,7,2,5,6:40
1072,2,7,3,5,6:40
1073,2,0,0,5,6:40
1074,2,0,3,5,6:40
1075,2,0,3,5,6:40
1076,2,0,0,5,6:40
1077,2,0,3,5,6:40
1078,2,0,1,5,6:40
1079,2,0,2,5,6:40
1080,2,0,1,5,6:40
1081,2,0,2,5,6:40
1082,2,0,3,5,6:40
1083,2,0,2,5,6:40
1084,2,0,1,5,6:40
1085,2,0,2,5,6:40
1086,2,0,0,5,6:40
1087,2,0,3,5,6:40
1088,2,0,0,5,6:40
1089,2,0,2,5,6:40
1090,2,0,1,5,6:40
1091,2,0,3,5,6:40
1092,2,0,3,5,6:40
1093,2,0,0,5,6:40
1094,2,5,3,5,6:40
1095,2,5,1,5,6:40
1096,2,5,2,5,6:40
1097,2,6,0,5,6:40
1098,2,6,0,5,6:40
1099,2,6,1,5,6:40
1100,2,6,3,5,6:40
1101,2,6,2,5,6:40
1102,2,6,2,5,6:40
1103,2,6,0,5,6:40
1104,2,7,3,5,6:40
1105,2,7,0,5,6:40
1106,2,7,2,5,6:40
1107,2,0,2,5,6:40
1108,2,0,0,5,6:40
1109,2,0,1,5,6:40
1110,2,0,0,5,6:40
1111,2,0,2,5,6:40
1112,2,0,1,5,6:40
1113,2,0,2,5,6:40
1114,2,0,2,5,6:40
1115,2,0,1,5,6:40
1116,2,0,1,5,6:40
1117,2,0,1,5,6:40
1118,2,0,2,5,6:40
1119,2,0,3,5,6:40
1120,2,0,1,5,6:40
1121,2,0,1,5,6:40
1122,2,0,3,5,6:40
1123,2,0,0,5,6:40
1124,2,0,3,5,6:40
1125,2,0,2,5,6:40
1126,2,0,0,5,6:40
1127,2,0,2,5,6:40
1128,2,5,3,5,6:40
1129,2,5,1,5,6:40
1130,2,5,0,5,6:40
1131,2,6,3,5,6:40
1132,2,6,2,5,6:40
1133,2,6,0,5,6:40
1134,2,6,3,5,6:40
1135,2,6,1,5,6:40
1136,2,6,0,5,6:40
1137,2,6,1,5,6:40
1138,2,7,3,5,6:40
1139,2,7,3,5,6:40
1140,2,7,1,5,6:40
1141,2,5,0,5,6:40
1142,2,6,3,5,6:40
1143,2,7,0,5,6:40
